{"cameraMode":{"drawMode":0,"name":"Shaded","section":"Shading Mode"},"sceneLighting":false,"audioPlay":false,"sceneViewState":{"m_AlwaysRefresh":false,"showFog":true,"showSkybox":true,"showFlares":true,"showImageEffects":true,"showParticleSystems":true,"showVisualEffectGraphs":true,"m_FxEnabled":false},"in2DMode":false,"pivot":{"x":-23.949968338012697,"y":0.3635697364807129,"z":-2.6153628826141359},"rotation":{"x":-0.4813092052936554,"y":-0.0781317874789238,"z":0.043344687670469287,"w":-0.8721134066581726},"size":3.1957461833953859,"orthographic":false}