{"cameraMode":{"drawMode":0,"name":"Shaded","section":"Shading Mode"},"sceneLighting":false,"audioPlay":false,"sceneViewState":{"m_AlwaysRefresh":false,"showFog":true,"showSkybox":true,"showFlares":true,"showImageEffects":true,"showParticleSystems":true,"showVisualEffectGraphs":true,"m_FxEnabled":false},"in2DMode":false,"pivot":{"x":-9.347145080566407,"y":0.7138001918792725,"z":-3.200000047683716},"rotation":{"x":-0.23467160761356355,"y":-0.05801207572221756,"z":0.014026887714862824,"w":-0.9702473878860474},"size":1.4372957944869996,"orthographic":false}