{"cameraMode":{"drawMode":0,"name":"Shaded","section":"Shading Mode"},"sceneLighting":false,"audioPlay":false,"sceneViewState":{"m_AlwaysRefresh":false,"showFog":true,"showSkybox":true,"showFlares":true,"showImageEffects":true,"showParticleSystems":true,"showVisualEffectGraphs":true,"m_FxEnabled":false},"in2DMode":false,"pivot":{"x":-4.511453628540039,"y":1.5920002460479737,"z":3.6030149459838869},"rotation":{"x":0.17384012043476106,"y":-0.24481090903282166,"z":0.04416533187031746,"w":0.9529939293861389},"size":5.604455471038818,"orthographic":false}