{"cameraMode":{"drawMode":0,"name":"Shaded","section":"Shading Mode"},"sceneLighting":false,"audioPlay":false,"sceneViewState":{"m_AlwaysRefresh":false,"showFog":true,"showSkybox":true,"showFlares":true,"showImageEffects":true,"showParticleSystems":true,"showVisualEffectGraphs":true,"m_FxEnabled":false},"in2DMode":false,"pivot":{"x":-3.681893825531006,"y":1.5159807205200196,"z":-2.9516310691833498},"rotation":{"x":-0.6818991899490356,"y":-0.009548177942633629,"z":0.009119550697505474,"w":-0.7315157055854797},"size":5.994015693664551,"orthographic":false}