{"cameraMode":{"drawMode":0,"name":"Shaded","section":"Shading Mode"},"sceneLighting":false,"audioPlay":false,"sceneViewState":{"m_AlwaysRefresh":false,"showFog":true,"showSkybox":true,"showFlares":true,"showImageEffects":true,"showParticleSystems":true,"showVisualEffectGraphs":true,"m_FxEnabled":false},"in2DMode":false,"pivot":{"x":-14.25440502166748,"y":-0.014783143997192383,"z":-0.8784801959991455},"rotation":{"x":-0.28534063696861269,"y":-0.10857082903385163,"z":0.03311615064740181,"w":-0.9518600106239319},"size":2.435180187225342,"orthographic":false}