{"cameraMode":{"drawMode":0,"name":"Shaded","section":"Shading Mode"},"sceneLighting":false,"audioPlay":false,"sceneViewState":{"m_AlwaysRefresh":false,"showFog":true,"showSkybox":false,"showFlares":true,"showImageEffects":true,"showParticleSystems":true,"showVisualEffectGraphs":true,"m_FxEnabled":false},"in2DMode":false,"pivot":{"x":-0.03465080261230469,"y":4.365053176879883,"z":7.1469621658325199},"rotation":{"x":-0.596237063407898,"y":-0.032167427241802219,"z":0.024103015661239625,"w":-0.8019728660583496},"size":19.593830108642579,"orthographic":false}