{"cameraMode":{"drawMode":0,"name":"Shaded","section":"Shading Mode"},"sceneLighting":false,"audioPlay":false,"sceneViewState":{"m_AlwaysRefresh":false,"showFog":true,"showSkybox":false,"showFlares":true,"showImageEffects":true,"showParticleSystems":true,"showVisualEffectGraphs":true,"m_FxEnabled":false},"in2DMode":false,"pivot":{"x":-10.02000617980957,"y":1.3477272987365723,"z":-2.2754392623901369},"rotation":{"x":-0.23467160761356355,"y":-0.05801207572221756,"z":0.014026887714862824,"w":-0.9702473878860474},"size":1.322474718093872,"orthographic":false}